{
  "version": 1,
  "author": "Amna Khalid",
  "editor": "wokwi",
  "parts": [
    { "type": "board-esp32-devkit-c-v4", "id": "esp", "top": 9.6, "left": 14.44, "attrs": {} },
    {
      "type": "board-ssd1306",
      "id": "oled1",
      "top": -44.86,
      "left": 182.63,
      "attrs": { "i2cAddress": "0x3c" }
    },
    {
      "type": "wokwi-led",
      "id": "led1",
      "top": -3.6,
      "left": -197.8,
      "attrs": { "color": "red" }
    },
    {
      "type": "wokwi-led",
      "id": "led2",
      "top": -3.6,
      "left": -149.8,
      "attrs": { "color": "yellow" }
    },
    {
      "type": "wokwi-led",
      "id": "led3",
      "top": -3.6,
      "left": -101.8,
      "attrs": { "color": "green" }
    },
    {
      "type": "wokwi-pushbutton",
      "id": "btn1",
      "top": 179,
      "left": -144,
      "attrs": { "color": "green", "xray": "1" }
    },
    {
      "type": "wokwi-pushbutton",
      "id": "btn2",
      "top": 284.6,
      "left": -144,
      "attrs": { "color": "green", "xray": "1" }
    },
    {
      "type": "wokwi-buzzer",
      "id": "bz1",
      "top": 261.6,
      "left": 145.8,
      "attrs": { "type": "passive", "simulate": "true" }
    },
    {
      "type": "wokwi-resistor",
      "id": "r1",
      "top": 91.2,
      "left": -202.15,
      "rotate": 90,
      "attrs": { "value": "1000" }
    },
    {
      "type": "wokwi-resistor",
      "id": "r2",
      "top": 91.2,
      "left": -154.15,
      "rotate": 90,
      "attrs": { "value": "1000" }
    },
    {
      "type": "wokwi-resistor",
      "id": "r3",
      "top": 91.2,
      "left": -106.15,
      "rotate": 90,
      "attrs": { "value": "1000" }
    },
    {
      "type": "wokwi-resistor",
      "id": "r4",
      "top": 244.8,
      "left": -106.15,
      "rotate": 90,
      "attrs": { "value": "1000" }
    },
    {
      "type": "wokwi-resistor",
      "id": "r5",
      "top": 350.4,
      "left": -96.55,
      "rotate": 90,
      "attrs": { "value": "1000" }
    }
  ],
  "connections": [
    [ "esp:TX", "$serialMonitor:RX", "", [] ],
    [ "esp:RX", "$serialMonitor:TX", "", [] ],
    [ "oled1:VCC", "esp:3V3", "red", [ "v-28.8", "h-220.65" ] ],
    [ "oled1:GND", "esp:GND.2", "black", [ "v-19.2", "h-105.6" ] ],
    [ "oled1:SDA", "esp:21", "yellow", [ "v-28.8", "h48.07", "v144" ] ],
    [ "oled1:SCL", "esp:22", "blue", [ "v-9.6", "h-95.7", "v105.6" ] ],
    [ "btn1:1.r", "esp:3V3", "red", [ "v0", "h67.4", "v-153.6", "h-9.6" ] ],
    [ "btn1:2.r", "esp:32", "#8f4814", [ "h38.6", "v-115" ] ],
    [ "r4:1", "btn1:2.r", "black", [ "h0" ] ],
    [ "r4:2", "esp:GND.1", "black", [ "h76.8", "v-106.8" ] ],
    [ "btn2:1.r", "esp:3V3", "red", [ "v0", "h67.4", "v-259.2" ] ],
    [ "btn2:2.r", "esp:33", "#8f4814", [ "h77", "v-211" ] ],
    [ "btn2:2.r", "r5:1", "black", [ "h0" ] ],
    [ "r5:2", "esp:GND.1", "black", [ "h76.8", "v-212.4" ] ],
    [ "bz1:1", "esp:GND.3", "black", [ "v0", "h-38.4", "v-249.6" ] ],
    [ "led3:A", "r3:1", "purple", [ "v0" ] ],
    [ "r3:2", "esp:26", "purple", [ "h0" ] ],
    [ "led3:C", "esp:GND.1", "black", [ "v124.8", "h0.4", "v9.6" ] ],
    [ "led2:A", "r2:1", "yellow", [ "v38.4", "h0", "v57.6" ] ],
    [ "r2:2", "esp:27", "yellow", [ "h0", "v27.6" ] ],
    [ "led2:C", "esp:GND.1", "black", [ "v0" ] ],
    [ "led1:A", "r1:1", "green", [ "v0" ] ],
    [ "r1:2", "esp:14", "green", [ "h0", "v27.6" ] ],
    [ "led1:C", "esp:GND.1", "black", [ "v0" ] ],
    [ "bz1:2", "esp:14", "green", [ "v28.8", "h-182.8", "v-230.4" ] ]
  ],
  "dependencies": {}
}